entry_id,user_id,date,meal_type,food_item,dining_hall,notes,calories,protein,carbs,fat,created_at
86cf0cc7-59fb-4065-80d0-dead0e0a5d36,3,2025-03-15,lunch,Apple,Tower,,95,0.5,25,0.3,2025-03-15 09:00:00
dc1dd3e4-d0ff-4f01-a4eb-969b3bad8e66,2,2025-03-15,lunch,Steamed Broccoli,Bates,Gluten-free option,55,3.7,11,0.6,2025-03-15 11:00:00
491e9562-e5f3-4593-88cc-d7a3c8a968c1,3,2025-03-15,snack,Grilled Chicken Breast,Stone-Davis,Loved it!,165,31.0,0,3.6,2025-03-15 20:00:00
a54b00fb-c44b-4b09-96f6-4e53df533ad4,3,2025-03-16,breakfast,Steamed Broccoli,Lulu,No dressing,55,3.7,11,0.6,2025-03-16 09:00:00
54664204-3fef-4abb-8ade-1df8a57e0ba5,1,2025-03-16,lunch,Apple,Leaky Beaker,Too salty,95,0.5,25,0.3,2025-03-16 14:00:00
36a0c431-8b93-4491-83a4-e7ce166854fd,1,2025-03-16,lunch,Steamed Broccoli,Leaky Beaker,Gluten-free option,55,3.7,11,0.6,2025-03-16 22:00:00
85a7aba8-a557-4cbd-814b-6c0db731acf6,1,2025-03-16,snack,Spaghetti Marinara,Stone-Davis,No dressing,310,10.0,50,7.0,2025-03-16 23:00:00
009885db-3794-4f77-982f-35c456e52b83,2,2025-03-17,lunch,Veggie Burger,Leaky Beaker,Extra spicy,124,11.0,10,5.0,2025-03-17 04:00:00
b539df49-25a5-490e-b22e-8b26d205af6b,3,2025-03-17,lunch,Greek Yogurt,Bates,Too salty,100,17.0,6,0.7,2025-03-17 06:00:00
2e42ada9-c71d-4de7-8ae5-9bffd95e0b60,1,2025-03-17,breakfast,Quinoa Salad,Tower,No dressing,222,8.0,39,6.0,2025-03-17 09:00:00
14c8efe2-202d-46f4-a120-a278326c07fe,1,2025-03-17,dinner,Brown Rice,Tower,Loved it!,216,5.0,45,1.8,2025-03-17 11:00:00
dd191024-970d-4cd7-9c9e-d575a1a24d82,3,2025-03-17,breakfast,Apple,Stone-Davis,Extra spicy,95,0.5,25,0.3,2025-03-17 12:00:00
38d37db7-ddc8-4c15-acfb-fd61bdcbab17,1,2025-03-17,dinner,Greek Yogurt,Lulu,,100,17.0,6,0.7,2025-03-17 14:00:00
a3376d0d-c9b0-445f-80d3-91bced36a99b,3,2025-03-17,breakfast,Grilled Chicken Breast,Stone-Davis,,165,31.0,0,3.6,2025-03-17 17:00:00
c6f56961-a55d-461d-837f-07bc63785983,1,2025-03-18,breakfast,Steamed Broccoli,Bates,Loved it!,55,3.7,11,0.6,2025-03-18 10:00:00
54254f3e-42cb-4666-9df6-521539efc4a9,3,2025-03-19,breakfast,Veggie Burger,Lulu,Too salty,124,11.0,10,5.0,2025-03-19 03:00:00
1317b51a-ccd2-4220-bc72-12c719fea7e4,1,2025-03-19,breakfast,Apple,Stone-Davis,,95,0.5,25,0.3,2025-03-19 04:00:00
d1d6db2c-7482-44e4-8c90-9a1c7b82102c,1,2025-03-19,dinner,Greek Yogurt,Leaky Beaker,,100,17.0,6,0.7,2025-03-19 06:00:00
3ca85cd2-c593-46e9-8d66-06db6d921553,2,2025-03-19,dinner,Greek Yogurt,Lulu,,100,17.0,6,0.7,2025-03-19 18:00:00
44f470ed-93fe-47a6-b268-e82195b3bab0,2,2025-03-20,dinner,Spaghetti Marinara,Leaky Beaker,Loved it!,310,10.0,50,7.0,2025-03-20 07:00:00
24781f1e-3279-4fb6-91d1-98e9b0213770,1,2025-03-20,breakfast,Greek Yogurt,Bates,Loved it!,100,17.0,6,0.7,2025-03-20 13:00:00
c9d07ac2-ed5f-44c4-b349-7d4f97666fdf,3,2025-03-20,snack,Grilled Chicken Breast,Leaky Beaker,,165,31.0,0,3.6,2025-03-20 18:00:00
a530d844-c0c8-46d5-b9c0-a395a691e6f4,3,2025-03-21,lunch,Veggie Burger,Stone-Davis,Loved it!,124,11.0,10,5.0,2025-03-21 06:00:00
81ebb0f7-5f9f-4622-9f3d-76eaa461ac40,3,2025-03-21,lunch,Quinoa Salad,Leaky Beaker,Gluten-free option,222,8.0,39,6.0,2025-03-21 17:00:00
8b1439d1-90ae-4445-a18d-63a701dcc33b,2,2025-03-22,snack,Quinoa Salad,Lulu,Loved it!,222,8.0,39,6.0,2025-03-22 04:00:00
69647d4e-cd5c-459c-ac41-4055fdccf832,3,2025-03-22,snack,Brown Rice,Tower,No dressing,216,5.0,45,1.8,2025-03-22 05:00:00
9fce7c6c-8558-4ee3-a875-d006e3006afe,3,2025-03-22,dinner,Brown Rice,Lulu,Too salty,216,5.0,45,1.8,2025-03-22 09:00:00
0ba712e4-839a-44ab-b3ee-4c50fb21617f,2,2025-03-22,lunch,Apple,Stone-Davis,No dressing,95,0.5,25,0.3,2025-03-22 17:00:00
85e71f33-b631-4a1b-9483-fcc88001f3b0,1,2025-03-23,breakfast,Veggie Burger,Leaky Beaker,No dressing,124,11.0,10,5.0,2025-03-23 00:00:00
f8c48060-3e23-4d67-85a2-6e47a14fb490,2,2025-03-23,snack,Veggie Burger,Bates,,124,11.0,10,5.0,2025-03-23 03:00:00
33342948-b445-43ac-8605-5e7f347c4a9b,1,2025-03-23,dinner,Greek Yogurt,Stone-Davis,Loved it!,100,17.0,6,0.7,2025-03-23 04:00:00
e031dc14-4338-4452-87cb-5472b5b98770,3,2025-03-23,dinner,Veggie Burger,Bates,No dressing,124,11.0,10,5.0,2025-03-23 11:00:00
a120129e-dafd-4f12-b36e-3ef9e0369284,3,2025-03-23,dinner,Greek Yogurt,Bates,No dressing,100,17.0,6,0.7,2025-03-23 15:00:00
e525fcf3-cac4-4066-8282-9a67d0daed3c,2,2025-03-23,lunch,Brown Rice,Tower,Extra spicy,216,5.0,45,1.8,2025-03-23 20:00:00
afea0d76-827b-4f95-b891-04b78e5efec7,3,2025-03-23,dinner,Quinoa Salad,Lulu,,222,8.0,39,6.0,2025-03-23 22:00:00
c5f0fc63-48a4-4dce-9355-d4912feae53d,3,2025-03-24,breakfast,Apple,Stone-Davis,Loved it!,95,0.5,25,0.3,2025-03-24 00:00:00
14128b56-7348-443d-bc20-9244f8b56efa,3,2025-03-24,lunch,Brown Rice,Bates,Extra spicy,216,5.0,45,1.8,2025-03-24 04:00:00
51dc2e4e-bdd9-42ba-8dd3-5a59c66a0e65,3,2025-03-24,dinner,Brown Rice,Lulu,No dressing,216,5.0,45,1.8,2025-03-24 09:00:00
116b5b28-e991-4daf-ba73-b02427733677,3,2025-03-25,breakfast,Grilled Chicken Breast,Stone-Davis,No dressing,165,31.0,0,3.6,2025-03-25 01:00:00
a4a2e55a-541c-4695-b912-8fdd9809a8e4,1,2025-03-25,snack,Steamed Broccoli,Lulu,,55,3.7,11,0.6,2025-03-25 04:00:00
1c036cb9-ec9f-4332-adf7-302449cea24e,2,2025-03-25,breakfast,Brown Rice,Bates,Loved it!,216,5.0,45,1.8,2025-03-25 05:00:00
4651a5b7-7a25-404b-94c1-20f1a08f8601,1,2025-03-25,snack,Brown Rice,Bates,,216,5.0,45,1.8,2025-03-25 11:00:00
5de91a82-8844-447b-a778-3dbab6abeb8b,3,2025-03-25,lunch,Quinoa Salad,Stone-Davis,No dressing,222,8.0,39,6.0,2025-03-25 13:00:00
a6ff6069-514e-47e5-9f9b-b4360e4f3705,2,2025-03-25,dinner,Veggie Burger,Leaky Beaker,,124,11.0,10,5.0,2025-03-25 14:00:00
620d1064-ba84-4247-a593-56e2b816de4b,3,2025-03-25,dinner,Apple,Tower,,95,0.5,25,0.3,2025-03-25 15:00:00
cd929386-19fb-4dfa-b985-2abb1dc21641,3,2025-03-25,lunch,Quinoa Salad,Tower,Extra spicy,222,8.0,39,6.0,2025-03-25 17:00:00
809bbe48-1aab-4e7e-aa20-f5a7bb4af531,2,2025-03-26,snack,Grilled Chicken Breast,Leaky Beaker,Gluten-free option,165,31.0,0,3.6,2025-03-26 08:00:00
5a98e840-73cb-43ee-9cfb-85a5f731d5a9,1,2025-03-26,snack,Greek Yogurt,Leaky Beaker,No dressing,100,17.0,6,0.7,2025-03-26 09:00:00
ae7bba44-f4ba-46cb-a931-24c5b8618281,2,2025-03-27,snack,Apple,Tower,Too salty,95,0.5,25,0.3,2025-03-27 10:00:00
a7deee30-1375-426d-8e8a-8abf63861b86,3,2025-03-27,lunch,Veggie Burger,Stone-Davis,,124,11.0,10,5.0,2025-03-27 13:00:00
b7c27798-3887-4e6f-80aa-541ba6ff79fa,1,2025-03-27,snack,Quinoa Salad,Stone-Davis,,222,8.0,39,6.0,2025-03-27 16:00:00
50b3d5dc-4c81-41b6-9973-c8d1558d5f98,3,2025-03-27,breakfast,Grilled Chicken Breast,Lulu,Extra spicy,165,31.0,0,3.6,2025-03-27 18:00:00
92c058e9-9349-4d7b-9579-7c49cc0a969a,3,2025-03-27,snack,Spaghetti Marinara,Stone-Davis,Extra spicy,310,10.0,50,7.0,2025-03-27 22:00:00
b5f4de86-9975-4fbd-8c0c-8fa3e024ca02,2,2025-03-28,dinner,Greek Yogurt,Tower,,100,17.0,6,0.7,2025-03-28 04:00:00
38a31a57-9f27-4fc3-9ade-0c675129e26a,1,2025-03-28,lunch,Brown Rice,Leaky Beaker,,216,5.0,45,1.8,2025-03-28 23:00:00
261231cc-05a8-4b3a-8a6c-cd5d826fd3e0,2,2025-03-29,snack,Greek Yogurt,Lulu,,100,17.0,6,0.7,2025-03-29 10:00:00
4d0a9910-84b1-4623-a497-3333a16022e6,1,2025-03-29,breakfast,Apple,Leaky Beaker,Gluten-free option,95,0.5,25,0.3,2025-03-29 15:00:00
9ad6db41-f146-4b11-adb1-4c00ee979a35,3,2025-03-29,lunch,Brown Rice,Lulu,Gluten-free option,216,5.0,45,1.8,2025-03-29 18:00:00
bd0a5647-402f-4db3-ab97-0c0f0a2009d6,2,2025-03-30,breakfast,Greek Yogurt,Tower,Loved it!,100,17.0,6,0.7,2025-03-30 01:00:00
dc954ceb-18a7-4e81-a094-79b13c693aaf,3,2025-03-30,dinner,Brown Rice,Bates,Loved it!,216,5.0,45,1.8,2025-03-30 02:00:00
01602dbd-e256-4038-aad8-c84a99173221,1,2025-03-30,lunch,Quinoa Salad,Bates,Loved it!,222,8.0,39,6.0,2025-03-30 04:00:00
3b6d057b-1dc3-4419-8a3d-cffecc903e6f,1,2025-03-30,breakfast,Veggie Burger,Stone-Davis,Extra spicy,124,11.0,10,5.0,2025-03-30 07:00:00
3aa0d3b9-6cc6-48c5-a3c6-a0b68e8615d5,2,2025-03-30,lunch,Grilled Chicken Breast,Lulu,,165,31.0,0,3.6,2025-03-30 09:00:00
3c5900a7-d602-417e-a94b-acf9486c8179,3,2025-03-30,dinner,Apple,Leaky Beaker,No dressing,95,0.5,25,0.3,2025-03-30 12:00:00
b065bea2-eb57-45a3-b7e1-aec6ff0c9703,2,2025-03-30,snack,Apple,Stone-Davis,No dressing,95,0.5,25,0.3,2025-03-30 17:00:00
16e24629-150a-4765-b39a-db9f427022d5,1,2025-03-31,dinner,Grilled Chicken Breast,Tower,Too salty,165,31.0,0,3.6,2025-03-31 02:00:00
189176f8-d9c5-450c-8e05-2f3f0c3a5879,3,2025-03-31,lunch,Grilled Chicken Breast,Tower,Too salty,165,31.0,0,3.6,2025-03-31 04:00:00
5895cea2-3aca-451d-97b3-07244d1f1a3b,1,2025-03-31,breakfast,Grilled Chicken Breast,Tower,Loved it!,165,31.0,0,3.6,2025-03-31 06:00:00
cbd43bcc-2d1c-458d-a4d0-1b0c84f1e7fa,1,2025-03-31,dinner,Grilled Chicken Breast,Bates,Extra spicy,165,31.0,0,3.6,2025-03-31 13:00:00
42b1a875-7caf-419f-a551-709c7c3e672d,3,2025-03-31,dinner,Steamed Broccoli,Bates,,55,3.7,11,0.6,2025-03-31 15:00:00
73f31dfa-965a-42f9-bc8c-2cc9ccf4887a,1,2025-03-31,dinner,Brown Rice,Leaky Beaker,Gluten-free option,216,5.0,45,1.8,2025-03-31 16:00:00
e7287a4f-5e74-4271-95d5-d25086cb8a4b,2,2025-03-31,dinner,Quinoa Salad,Lulu,No dressing,222,8.0,39,6.0,2025-03-31 17:00:00
6380ede1-1d82-4f25-8c41-ffb76fc49b0c,3,2025-04-01,lunch,Greek Yogurt,Lulu,No dressing,100,17.0,6,0.7,2025-04-01 05:00:00
bafc6f13-3085-48cd-aec5-83a70c63293d,2,2025-04-01,snack,Brown Rice,Tower,Loved it!,216,5.0,45,1.8,2025-04-01 08:00:00
75ba1631-368c-499b-a9ab-225690b6c9bc,1,2025-04-01,snack,Veggie Burger,Bates,No dressing,124,11.0,10,5.0,2025-04-01 10:00:00
998ee403-894b-415f-9a1a-8b0fe06e5f89,1,2025-04-01,snack,Veggie Burger,Lulu,Extra spicy,124,11.0,10,5.0,2025-04-01 12:00:00
3c81fba9-6eff-4169-b184-e9cfb1250701,2,2025-04-02,snack,Apple,Lulu,Gluten-free option,95,0.5,25,0.3,2025-04-02 02:00:00
b4fdf3aa-6f1e-4dd9-9f6a-47b6b48891fb,1,2025-04-02,snack,Grilled Chicken Breast,Stone-Davis,,165,31.0,0,3.6,2025-04-02 07:00:00
67ddf708-9c64-40de-be04-5a17fdba3b0c,2,2025-04-02,snack,Apple,Leaky Beaker,Gluten-free option,95,0.5,25,0.3,2025-04-02 14:00:00
f0c53742-d596-4d36-bc9e-66d6de369566,2,2025-04-02,dinner,Grilled Chicken Breast,Bates,Extra spicy,165,31.0,0,3.6,2025-04-02 15:00:00
4a5ed63b-d2b7-4cb6-a107-f106e1a0eeef,3,2025-04-02,snack,Quinoa Salad,Stone-Davis,Loved it!,222,8.0,39,6.0,2025-04-02 20:00:00
cafe2842-c2c1-4335-a65b-34f7e1985bbe,2,2025-04-02,dinner,Greek Yogurt,Leaky Beaker,Loved it!,100,17.0,6,0.7,2025-04-02 21:00:00
28e94521-910d-4a71-a0ce-4f5c0a96973a,2,2025-04-03,lunch,Grilled Chicken Breast,Stone-Davis,,165,31.0,0,3.6,2025-04-03 11:00:00
e816b01c-57b9-42e8-977e-7ac9e9fb18e9,3,2025-04-03,dinner,Quinoa Salad,Stone-Davis,,222,8.0,39,6.0,2025-04-03 16:00:00
c3fc0ec9-4b54-417c-8493-ec9a5a355a25,3,2025-04-03,lunch,Quinoa Salad,Lulu,Gluten-free option,222,8.0,39,6.0,2025-04-03 21:00:00
55d5a6a2-194d-4d8e-a418-c11b370a84d4,3,2025-04-03,snack,Brown Rice,Tower,Gluten-free option,216,5.0,45,1.8,2025-04-03 23:00:00
c1152b2c-1473-415f-9ee2-7065fc7b563b,1,2025-04-04,lunch,Apple,Lulu,Too salty,95,0.5,25,0.3,2025-04-04 01:00:00
aeb14198-7d03-4908-85ac-966e7d45ded8,3,2025-04-04,lunch,Veggie Burger,Tower,Too salty,124,11.0,10,5.0,2025-04-04 08:00:00
a3012f2d-b01a-43bd-a3d5-515fef570130,2,2025-04-04,snack,Brown Rice,Bates,Gluten-free option,216,5.0,45,1.8,2025-04-04 09:00:00
f67c2207-cab7-4657-b240-6a9d4e695fb5,1,2025-04-04,dinner,Veggie Burger,Stone-Davis,,124,11.0,10,5.0,2025-04-04 14:00:00
0e200b23-85ef-45e0-8493-1f005f8342b7,2,2025-04-05,breakfast,Quinoa Salad,Lulu,Too salty,222,8.0,39,6.0,2025-04-05 18:00:00
6e6b6433-4886-4075-b880-7d3504e8837b,2,2025-04-05,dinner,Veggie Burger,Tower,,124,11.0,10,5.0,2025-04-05 23:00:00
bd3421f1-583f-4091-9f56-3d9df794df20,2,2025-04-06,snack,Steamed Broccoli,Leaky Beaker,,55,3.7,11,0.6,2025-04-06 01:00:00
1859ffe9-072b-4184-844d-f70820d838c0,3,2025-04-06,snack,Apple,Leaky Beaker,,95,0.5,25,0.3,2025-04-06 07:00:00
faf1b7bc-557e-4d12-a7a0-8baee8244962,3,2025-04-06,lunch,Brown Rice,Tower,Loved it!,216,5.0,45,1.8,2025-04-06 12:00:00
40625d66-e205-4cfe-af5d-75600f4ea65e,3,2025-04-07,dinner,Greek Yogurt,Bates,Too salty,100,17.0,6,0.7,2025-04-07 05:00:00
02be147a-a6ec-4fec-8698-e77cbf9d4abb,2,2025-04-07,snack,Apple,Leaky Beaker,Too salty,95,0.5,25,0.3,2025-04-07 21:00:00
01a010d3-a50f-43e3-af70-9e052ee122c2,3,2025-04-08,lunch,Greek Yogurt,Leaky Beaker,,100,17.0,6,0.7,2025-04-08 04:00:00
61c500f0-f686-4123-8694-0c5fde3eed9f,2,2025-04-08,breakfast,Quinoa Salad,Stone-Davis,,222,8.0,39,6.0,2025-04-08 14:00:00
682b1746-a4be-4173-b554-dffeae0136f2,1,2025-04-08,lunch,Brown Rice,Stone-Davis,No dressing,216,5.0,45,1.8,2025-04-08 21:00:00
6a481149-afb2-4bd3-b53c-3301701b0b4b,1,2025-04-09,snack,Spaghetti Marinara,Stone-Davis,Gluten-free option,310,10.0,50,7.0,2025-04-09 04:00:00
f5366b37-552b-42c0-a88b-ca893102432f,2,2025-04-09,breakfast,Steamed Broccoli,Lulu,Gluten-free option,55,3.7,11,0.6,2025-04-09 06:00:00
6d6d9a21-9e42-4ef3-a78e-d5b920773a90,3,2025-04-09,dinner,Quinoa Salad,Leaky Beaker,Loved it!,222,8.0,39,6.0,2025-04-09 14:00:00
2072060b-68a3-435f-8e84-304ea1fefdd1,1,2025-04-09,dinner,Greek Yogurt,Leaky Beaker,No dressing,100,17.0,6,0.7,2025-04-09 17:00:00
0bbcd6bf-e726-43d5-9591-cd3e875d533a,3,2025-04-10,snack,Quinoa Salad,Tower,Extra spicy,222,8.0,39,6.0,2025-04-10 01:00:00
adecfe0a-abba-4494-bce2-2d97d3fef4df,2,2025-04-10,lunch,Veggie Burger,Lulu,No dressing,124,11.0,10,5.0,2025-04-10 16:00:00
c747047f-20b3-47d4-aebb-4a26b96ef01c,3,2025-04-10,breakfast,Steamed Broccoli,Tower,Loved it!,55,3.7,11,0.6,2025-04-10 20:00:00
9101cd25-b735-4df1-af77-8de4be89befd,3,2025-04-11,snack,Veggie Burger,Tower,Extra spicy,124,11.0,10,5.0,2025-04-11 00:00:00
646c6332-6eb4-4cd2-b4ef-04a4a6e6cdaf,3,2025-04-11,dinner,Greek Yogurt,Leaky Beaker,No dressing,100,17.0,6,0.7,2025-04-11 02:00:00
5fc6d487-16ac-475d-a943-9788ad763f85,2,2025-04-11,snack,Steamed Broccoli,Tower,Extra spicy,55,3.7,11,0.6,2025-04-11 03:00:00
244c8944-dbad-4935-b4c5-9893fa045b79,1,2025-04-11,snack,Grilled Chicken Breast,Lulu,No dressing,165,31.0,0,3.6,2025-04-11 08:00:00
74b9df28-c2b0-4e37-a234-7090fd821ea6,1,2025-04-11,snack,Brown Rice,Tower,Extra spicy,216,5.0,45,1.8,2025-04-11 10:00:00
ae0f6a33-8a30-4c1b-a91c-aeadfdcf81af,2,2025-04-11,snack,Spaghetti Marinara,Stone-Davis,,310,10.0,50,7.0,2025-04-11 14:00:00
879758de-32ee-4590-9df2-65ffc0f4b1e6,2,2025-04-12,breakfast,Veggie Burger,Tower,Gluten-free option,124,11.0,10,5.0,2025-04-12 08:00:00
ab650606-c797-4b9b-aefe-97984c406efe,1,2025-04-12,breakfast,Spaghetti Marinara,Leaky Beaker,,310,10.0,50,7.0,2025-04-12 11:00:00
6011b4c0-c1f1-4e4c-a3eb-e81036c4d900,2,2025-04-12,snack,Grilled Chicken Breast,Lulu,Loved it!,165,31.0,0,3.6,2025-04-12 20:00:00
1d20210a-cf97-4919-866e-3f9b42e15eef,3,2025-04-13,snack,Spaghetti Marinara,Bates,,310,10.0,50,7.0,2025-04-13 12:00:00
b77ab7d5-e717-4c3f-88c1-68f106dc3e03,2,2025-04-13,dinner,Apple,Stone-Davis,No dressing,95,0.5,25,0.3,2025-04-13 14:00:00
bc1c3931-02e8-484d-90a2-e92c946eccad,3,2025-04-13,dinner,Spaghetti Marinara,Leaky Beaker,,310,10.0,50,7.0,2025-04-13 17:00:00
613db176-af74-4e06-b3e1-b071dd846588,2,2025-04-14,breakfast,Steamed Broccoli,Bates,,55,3.7,11,0.6,2025-04-14 03:00:00
4280d969-0db3-4853-a25f-37d9fdb07cde,3,2025-04-14,dinner,Quinoa Salad,Tower,,222,8.0,39,6.0,2025-04-14 07:00:00
24e7c111-72fc-4459-8ec8-bd22ff7d41a6,3,2025-04-14,lunch,Brown Rice,Bates,No dressing,216,5.0,45,1.8,2025-04-14 08:00:00
b045b7fc-03c3-40f7-9147-1b504d78e90a,1,2025-04-14,dinner,Greek Yogurt,Tower,Gluten-free option,100,17.0,6,0.7,2025-04-14 13:00:00
a188e50c-0a0b-4b6a-b9bc-e3345c33a09c,2,2025-04-14,dinner,Apple,Lulu,Gluten-free option,95,0.5,25,0.3,2025-04-14 16:00:00
8254bff1-3881-4b7c-870b-2e1d44c76f6b,3,2025-04-14,lunch,Grilled Chicken Breast,Bates,No dressing,165,31.0,0,3.6,2025-04-14 18:00:00
38efc146-2806-41f7-9d20-bf98cb1c2700,3,2025-04-14,snack,Apple,Stone-Davis,,95,0.5,25,0.3,2025-04-14 21:00:00
0615ccdf-15d7-4a62-815d-8a20348d5a9d,3,2025-04-14,dinner,Spaghetti Marinara,Stone-Davis,Gluten-free option,310,10.0,50,7.0,2025-04-14 22:00:00
82b362d8-bafe-4f9e-b737-0c4093a47ea5,2,2025-04-20,breakfast,Veggie Burger,Stone-Davis,Too salty,124,11.0,10,5.0,2025-04-20 07:09:00
0bf5245f-fa81-4c91-806e-aad2d7c36697,3,2025-04-26,lunch,Spaghetti Marinara,Tower,Loved it!,310,10.0,50,7.0,2025-04-26 12:13:00
bb26e025-3141-407e-9db7-92e555e2afa4,2,2025-04-13,breakfast,Apple,Stone-Davis,,95,0.5,25,0.3,2025-04-13 04:45:00
14b528e3-6dea-4da9-8f3a-e7694f5519f9,2,2025-04-22,snack,Steamed Broccoli,Stone-Davis,,55,3.7,11,0.6,2025-04-22 23:07:00
d95b37d1-14d1-46ad-bcab-488f0833a9a5,3,2025-04-21,breakfast,Steamed Broccoli,Lulu,,55,3.7,11,0.6,2025-04-21 00:58:00
125cb11e-778d-49c4-bd07-4a158742f148,3,2025-04-26,breakfast,Brown Rice,Bates,No dressing,216,5.0,45,1.8,2025-04-26 18:55:00
836ca3af-bbe2-4242-b60d-c6b5688e3abe,3,2025-04-15,dinner,Quinoa Salad,Bates,Too salty,222,8.0,39,6.0,2025-04-15 06:09:00
4c385f59-824b-4202-990a-58622a8b4e46,3,2025-04-12,snack,Quinoa Salad,Lulu,Extra spicy,222,8.0,39,6.0,2025-04-12 20:19:00
cb258696-3a25-45e3-9ac3-2a970ecfb1ca,3,2025-04-13,dinner,Steamed Broccoli,Tower,Extra spicy,55,3.7,11,0.6,2025-04-13 21:43:00
2f5e620a-c8fc-4085-8ee7-645e947eb2fb,2,2025-04-18,lunch,Grilled Chicken Breast,Stone-Davis,Too salty,165,31.0,0,3.6,2025-04-18 06:31:00
9ed0d052-1c19-4961-89b2-0ee791609b9a,2,2025-04-17,lunch,Brown Rice,Tower,Extra spicy,216,5.0,45,1.8,2025-04-17 21:44:00
6c275d8e-4938-4722-88d2-1648c68b3d68,2,2025-04-16,lunch,Veggie Burger,Stone-Davis,,124,11.0,10,5.0,2025-04-16 04:13:00
f9220847-5ca9-4322-827a-4636b2eaf75f,3,2025-04-28,dinner,Spaghetti Marinara,Lulu,Gluten-free option,310,10.0,50,7.0,2025-04-28 17:00:00
9bdca901-99bb-444f-8a1b-be450da8b40f,1,2025-04-16,dinner,Greek Yogurt,Leaky Beaker,Extra spicy,100,17.0,6,0.7,2025-04-16 06:44:00
f2e89374-27ef-42b6-9af2-c471554dd464,2,2025-04-18,dinner,Spaghetti Marinara,Tower,,310,10.0,50,7.0,2025-04-18 05:19:00
68ed58b4-6a19-4c50-9160-74ad2e24f955,1,2025-04-20,snack,Apple,Leaky Beaker,Extra spicy,95,0.5,25,0.3,2025-04-20 14:38:00
865955aa-83c8-4a8a-9688-1a6a9cbdaac7,1,2025-04-16,breakfast,Greek Yogurt,Lulu,Extra spicy,100,17.0,6,0.7,2025-04-16 17:44:00
61b786d2-2c3d-4d00-bf89-4aa64f23d220,1,2025-04-05,breakfast,Steamed Broccoli,Lulu,No dressing,55,3.7,11,0.6,2025-04-05 07:27:00
00e73705-0e9d-4f28-a857-63f1645c378b,1,2025-04-10,dinner,Greek Yogurt,Leaky Beaker,Extra spicy,100,17.0,6,0.7,2025-04-10 17:33:00
cea1473b-e399-44e9-9182-304f3033ebc5,3,2025-04-27,breakfast,Brown Rice,Tower,Extra spicy,216,5.0,45,1.8,2025-04-27 07:55:00
83e8d2b8-f7ea-4f25-8f9e-1fd36435eb03,1,2025-04-29,breakfast,Apple,Leaky Beaker,Extra spicy,95,0.5,25,0.3,2025-04-29 18:36:00
f24a6b70-1518-4eba-bea5-70c78ef30c7a,1,2025-04-16,snack,Veggie Burger,Lulu,Extra spicy,124,11.0,10,5.0,2025-04-16 08:32:00
c964e42e-c3eb-482c-b540-d4c06028c68e,1,2025-04-29,breakfast,Brown Rice,Tower,Loved it!,216,5.0,45,1.8,2025-04-29 20:10:00
3e4431d4-9e84-4b0c-b9f2-dec3127aad36,3,2025-04-06,breakfast,Apple,Leaky Beaker,,95,0.5,25,0.3,2025-04-06 21:40:00
22077ceb-d35e-4014-a6ae-d656d5bfca5e,1,2025-04-24,lunch,Greek Yogurt,Bates,Extra spicy,100,17.0,6,0.7,2025-04-24 00:04:00
9314a35d-6b5e-4822-8cb3-e47b839e62d5,1,2025-04-23,dinner,Apple,Tower,Too salty,95,0.5,25,0.3,2025-04-23 11:19:00
f4b965fd-453f-4931-8939-8bcb95709622,3,2025-04-14,breakfast,Apple,Leaky Beaker,No dressing,95,0.5,25,0.3,2025-04-14 12:12:00
76d7b2a9-8be0-4ddb-afbd-97b35fe48222,1,2025-04-29,breakfast,Quinoa Salad,Lulu,Gluten-free option,222,8.0,39,6.0,2025-04-29 08:03:00
c246cc12-2312-4a0e-8cb8-206aea910bbe,1,2025-04-09,lunch,Veggie Burger,Bates,Gluten-free option,124,11.0,10,5.0,2025-04-09 05:49:00
2e723c56-68fb-4c71-81bf-1586dbe05a0c,2,2025-04-08,lunch,Brown Rice,Stone-Davis,Too salty,216,5.0,45,1.8,2025-04-08 08:23:00
0e18ee6c-316b-472e-9313-f38e18a34701,3,2025-04-17,lunch,Brown Rice,Leaky Beaker,Loved it!,216,5.0,45,1.8,2025-04-17 21:24:00
8574adf8-cb02-487b-aa54-5645e174dea4,2,2025-04-21,lunch,Quinoa Salad,Tower,,222,8.0,39,6.0,2025-04-21 00:16:00
28eb3d9f-54e7-40e5-946d-37ca96b278df,1,2025-04-18,breakfast,Steamed Broccoli,Leaky Beaker,,55,3.7,11,0.6,2025-04-18 00:40:00
2587c30a-7f50-4abb-8d59-4bac35a75adc,3,2025-04-19,lunch,Brown Rice,Stone-Davis,Too salty,216,5.0,45,1.8,2025-04-19 06:06:00
a0b8c898-77f3-4db4-ba76-4fda233e8313,3,2025-04-12,snack,Spaghetti Marinara,Lulu,Too salty,310,10.0,50,7.0,2025-04-12 01:37:00
28c793d6-c422-4c5e-b22f-393e2eb129a0,3,2025-04-01,dinner,Apple,Leaky Beaker,No dressing,95,0.5,25,0.3,2025-04-01 10:29:00
41c46b1f-b216-45a6-8575-8e0b9da3ed98,2,2025-04-16,dinner,Veggie Burger,Leaky Beaker,,124,11.0,10,5.0,2025-04-16 16:23:00
87ea0cd6-acc9-49f8-80a3-f1a3bc0c2d27,2,2025-04-19,snack,Greek Yogurt,Bates,No dressing,100,17.0,6,0.7,2025-04-19 14:36:00
a894a9b2-2e7c-4937-aa0b-35b371064678,3,2025-04-11,breakfast,Apple,Bates,Too salty,95,0.5,25,0.3,2025-04-11 13:04:00
1c788f07-59b9-4bb8-83d0-8ac0220c3554,3,2025-04-21,snack,Brown Rice,Tower,Extra spicy,216,5.0,45,1.8,2025-04-21 21:32:00
3542639c-e8b2-41ae-a802-da2ff169fbbe,2,2025-04-15,snack,Veggie Burger,Bates,Too salty,124,11.0,10,5.0,2025-04-15 02:35:00
c4d95cdd-e837-4a8e-9bcc-5717d0907e3b,3,2025-04-23,dinner,Brown Rice,Stone-Davis,No dressing,216,5.0,45,1.8,2025-04-23 20:34:00
dafbbdc0-5556-4df9-a4fe-29c51cced2c5,3,2025-04-26,dinner,Steamed Broccoli,Leaky Beaker,Gluten-free option,55,3.7,11,0.6,2025-04-26 19:43:00
5fb0ac6d-568b-4b1c-b7b1-55fd252531bb,3,2025-04-18,lunch,Grilled Chicken Breast,Lulu,No dressing,165,31.0,0,3.6,2025-04-18 19:18:00
94aa6c3a-3bd2-4705-83d4-cb8af3d76070,2,2025-04-11,lunch,Veggie Burger,Leaky Beaker,Loved it!,124,11.0,10,5.0,2025-04-11 12:46:00
f01ab453-0add-4454-9c97-ee5660e72aed,3,2025-04-22,dinner,Steamed Broccoli,Lulu,,55,3.7,11,0.6,2025-04-22 04:38:00
1a296bf9-9570-4b19-b7d4-2e9bb91b97a1,1,2025-04-15,breakfast,Greek Yogurt,Stone-Davis,Loved it!,100,17.0,6,0.7,2025-04-15 23:35:00
c5cc8f58-e4e4-4b8f-91a4-44324309a80c,2,2025-04-03,breakfast,Greek Yogurt,Leaky Beaker,Loved it!,100,17.0,6,0.7,2025-04-03 00:10:00
15107854-79d1-4955-a557-c2d4af04a84c,3,2025-04-02,snack,Veggie Burger,Leaky Beaker,No dressing,124,11.0,10,5.0,2025-04-02 16:50:00
21da24dd-4237-46e6-add9-4e5e237ac844,2,2025-04-11,lunch,Grilled Chicken Breast,Lulu,Extra spicy,165,31.0,0,3.6,2025-04-11 21:01:00
394045d3-982f-4584-9994-65a075eddd5a,1,2025-04-09,lunch,Greek Yogurt,Leaky Beaker,,100,17.0,6,0.7,2025-04-09 14:34:00
120c7cef-66ec-49b1-9f2e-1c32e23d27a1,3,2025-04-21,lunch,Quinoa Salad,Tower,Gluten-free option,222,8.0,39,6.0,2025-04-21 03:07:00
a4b84afb-2b90-4976-a6b7-fd3f27ca0354,2,2025-04-02,dinner,Quinoa Salad,Stone-Davis,No dressing,222,8.0,39,6.0,2025-04-02 23:14:00
88e199ad-ae4c-4947-81ed-f6a38255f11a,1,2025-04-27,lunch,Spaghetti Marinara,Lulu,Too salty,310,10.0,50,7.0,2025-04-27 14:51:00
f28335c3-404c-4937-b472-27f906001597,1,2025-04-09,snack,Grilled Chicken Breast,Bates,,165,31.0,0,3.6,2025-04-09 12:09:00
721129a1-db5e-45a7-a707-f89a389c833e,1,2025-04-12,lunch,Greek Yogurt,Lulu,Gluten-free option,100,17.0,6,0.7,2025-04-12 00:38:00
400df57d-58a7-4c9f-bf30-498f8a7f2534,1,2025-04-27,snack,Brown Rice,Lulu,Too salty,216,5.0,45,1.8,2025-04-27 00:16:00
e65704fa-a272-4ff0-a088-4b16f1a5e0e7,1,2025-04-25,breakfast,Steamed Broccoli,Leaky Beaker,Extra spicy,55,3.7,11,0.6,2025-04-25 20:19:00
38a9b81c-a32a-4a80-b186-fc8a5d4ea7e0,3,2025-04-15,snack,Veggie Burger,Lulu,Extra spicy,124,11.0,10,5.0,2025-04-15 01:18:00
2d5caf45-b4c0-45aa-9923-a6b2720c0b84,3,2025-04-03,breakfast,Apple,Lulu,Gluten-free option,95,0.5,25,0.3,2025-04-03 12:19:00
7a15b867-39e0-4055-a3aa-e3ce33f8f41e,2,2025-04-17,lunch,Apple,Stone-Davis,Too salty,95,0.5,25,0.3,2025-04-17 05:56:00
4f6a5236-6961-429c-aec2-d9da56b8203f,2,2025-04-26,snack,Greek Yogurt,Stone-Davis,Loved it!,100,17.0,6,0.7,2025-04-26 10:45:00
4c5536f5-758c-4e5d-a019-ce6a1c691b48,3,2025-04-05,lunch,Steamed Broccoli,Stone-Davis,Gluten-free option,55,3.7,11,0.6,2025-04-05 13:55:00
fafd5dea-79ec-40b6-a551-0cb60ed71518,1,2025-04-18,snack,Greek Yogurt,Lulu,Extra spicy,100,17.0,6,0.7,2025-04-18 04:48:00
b565a8db-fe47-45e9-bc64-391583041d0a,3,2025-04-25,breakfast,Veggie Burger,Tower,No dressing,124,11.0,10,5.0,2025-04-25 19:43:00
29bddcc1-8ad9-4a3f-a6c6-c60e6d188979,2,2025-04-20,snack,Quinoa Salad,Leaky Beaker,Gluten-free option,222,8.0,39,6.0,2025-04-20 11:56:00
2f5def68-a85c-4a05-b9c9-e1ef134fe5f9,3,2025-04-06,snack,Grilled Chicken Breast,Leaky Beaker,No dressing,165,31.0,0,3.6,2025-04-06 02:00:00
36e3a1d6-f5ab-48a8-a158-ca4c547f34e2,3,2025-04-11,snack,Steamed Broccoli,Tower,,55,3.7,11,0.6,2025-04-11 12:07:00
1ecfc3e0-4abf-4619-b8c7-3b5360ee3077,3,2025-04-25,lunch,Greek Yogurt,Bates,Loved it!,100,17.0,6,0.7,2025-04-25 02:57:00
f17efd1a-d134-4246-b0af-4af5c31e8c24,2,2025-04-30,snack,Steamed Broccoli,Stone-Davis,Loved it!,55,3.7,11,0.6,2025-04-30 20:39:00
181ca248-41b3-454c-bbfa-d47a09729a62,3,2025-04-03,dinner,Steamed Broccoli,Lulu,,55,3.7,11,0.6,2025-04-03 01:09:00
1fa13e39-94c2-42bd-9090-a237438a549a,1,2025-04-13,snack,Grilled Chicken Breast,Tower,No dressing,165,31.0,0,3.6,2025-04-13 12:00:00
f7f00756-512e-4679-b4e0-1697da352d9b,1,2025-04-25,lunch,Grilled Chicken Breast,Stone-Davis,Too salty,165,31.0,0,3.6,2025-04-25 03:50:00
e4863b6f-70cc-491d-8d42-361744d0f637,1,2025-04-02,lunch,Spaghetti Marinara,Stone-Davis,No dressing,310,10.0,50,7.0,2025-04-02 11:50:00
f2e62d82-1b10-444c-a554-8644a89b5bb4,3,2025-04-21,snack,Greek Yogurt,Lulu,Gluten-free option,100,17.0,6,0.7,2025-04-21 19:24:00
84b205f5-78a7-4902-9cd8-3ac1a94ba23a,1,2025-04-30,dinner,Brown Rice,Tower,,216,5.0,45,1.8,2025-04-30 12:54:00
b8ec3169-7e8e-40a4-b2b7-c211536d5043,2,2025-04-07,dinner,Brown Rice,Leaky Beaker,Extra spicy,216,5.0,45,1.8,2025-04-07 17:38:00
c11485b9-27e3-4d6e-a479-f3650e574fb9,1,2025-04-27,breakfast,Veggie Burger,Leaky Beaker,Extra spicy,124,11.0,10,5.0,2025-04-27 12:25:00
cec0c524-0c0b-47c5-88d0-1f260d08445a,2,2025-04-04,breakfast,Apple,Stone-Davis,Gluten-free option,95,0.5,25,0.3,2025-04-04 23:30:00
0957fbac-059b-49c9-9983-3027d51e9087,1,2025-04-15,lunch,Greek Yogurt,Bates,,100,17.0,6,0.7,2025-04-15 10:28:00
10ed8825-05c6-4fde-bb5c-ee40dc25ddea,1,2025-04-21,snack,Apple,Leaky Beaker,Too salty,95,0.5,25,0.3,2025-04-21 07:52:00
1957a20a-ec56-4616-a05f-c4fa73e066bb,2,2025-04-24,dinner,Grilled Chicken Breast,Stone-Davis,Too salty,165,31.0,0,3.6,2025-04-24 02:59:00
54f744b2-32e1-41c8-a127-e5660ac49974,2,2025-04-14,lunch,Veggie Burger,Stone-Davis,Gluten-free option,124,11.0,10,5.0,2025-04-14 06:42:00
8cdd2b91-9c6c-4e58-b470-3708513a9cd5,3,2025-04-08,dinner,Grilled Chicken Breast,Stone-Davis,,165,31.0,0,3.6,2025-04-08 08:24:00
d71919fa-f003-40bb-b316-8b1a2c25dd2f,2,2025-04-01,breakfast,Grilled Chicken Breast,Lulu,Gluten-free option,165,31.0,0,3.6,2025-04-01 06:48:00
059e5f36-d9b3-4557-8e3a-40fd52f1766f,2,2025-04-28,breakfast,Spaghetti Marinara,Tower,Too salty,310,10.0,50,7.0,2025-04-28 08:36:00
0bf99245-85cb-4368-9310-0947a002b9b5,1,2025-04-14,dinner,Greek Yogurt,Tower,Too salty,100,17.0,6,0.7,2025-04-14 10:01:00
2910431d-5ff8-4b8d-8529-df575b250bbb,1,2025-04-11,lunch,Quinoa Salad,Bates,,222,8.0,39,6.0,2025-04-11 04:47:00
0b6d1ff1-6adf-4c9f-a9b8-62f1a264ce47,1,2025-04-02,dinner,Steamed Broccoli,Tower,,55,3.7,11,0.6,2025-04-02 13:19:00
88ccb322-60cf-4963-931e-a8351e2bf426,1,2025-04-23,lunch,Spaghetti Marinara,Leaky Beaker,,310,10.0,50,7.0,2025-04-23 03:40:00
805a1e44-2ced-42ff-95b4-0a265cc7b6f0,2,2025-04-24,lunch,Grilled Chicken Breast,Tower,,165,31.0,0,3.6,2025-04-24 21:01:00
f0c0f12e-dacf-40e7-be84-f96519e1754f,1,2025-04-23,dinner,Steamed Broccoli,Stone-Davis,No dressing,55,3.7,11,0.6,2025-04-23 20:04:00
8d9e1a8b-440c-4e77-b5e4-8389cb7fc0bc,2,2025-04-12,lunch,Veggie Burger,Lulu,Extra spicy,124,11.0,10,5.0,2025-04-12 21:58:00
357755da-9565-40c8-879d-89ba0cdfcb46,1,2025-04-18,breakfast,Apple,Leaky Beaker,Gluten-free option,95,0.5,25,0.3,2025-04-18 21:28:00
753c931a-c20f-4a3e-a3bd-c2acff87edb7,1,2025-04-03,breakfast,Apple,Tower,Extra spicy,95,0.5,25,0.3,2025-04-03 19:22:00
b844bb98-4365-4286-a684-a0f9ee49bea4,1,2025-04-09,breakfast,Steamed Broccoli,Lulu,Extra spicy,55,3.7,11,0.6,2025-04-09 07:28:00
5c8a0067-698f-4997-a658-038536571f70,3,2025-04-03,snack,Brown Rice,Lulu,Extra spicy,216,5.0,45,1.8,2025-04-03 02:46:00
034c8039-1bff-414e-a84d-8394e3a58e3c,1,2025-04-22,snack,Greek Yogurt,Lulu,Gluten-free option,100,17.0,6,0.7,2025-04-22 02:40:00
e68d0d34-7e16-4fa6-9807-1b1190ae5f4b,1,2025-04-17,dinner,Veggie Burger,Leaky Beaker,Gluten-free option,124,11.0,10,5.0,2025-04-17 19:26:00
452bb771-515a-4cb1-b491-57613565c8d2,2,2025-04-25,lunch,Steamed Broccoli,Stone-Davis,No dressing,55,3.7,11,0.6,2025-04-25 23:43:00
ca650d3c-801d-4ec2-9fe1-9d4fdbc0c43c,2,2025-04-24,breakfast,Grilled Chicken Breast,Lulu,Extra spicy,165,31.0,0,3.6,2025-04-24 10:29:00
4618a177-004d-4015-ba88-c5ce629a6b67,2,2025-04-19,dinner,Quinoa Salad,Stone-Davis,Extra spicy,222,8.0,39,6.0,2025-04-19 11:49:00
b597e491-3290-461c-8956-ef3584e83b13,3,2025-04-18,snack,Steamed Broccoli,Lulu,No dressing,55,3.7,11,0.6,2025-04-18 21:04:00
ce2e23b1-eafa-4e47-913b-28718f54e3cf,1,2025-04-22,lunch,Quinoa Salad,Lulu,Loved it!,222,8.0,39,6.0,2025-04-22 10:51:00
9f1c69ac-a838-4179-8415-1d0263b187b2,1,2025-04-08,snack,Brown Rice,Leaky Beaker,Extra spicy,216,5.0,45,1.8,2025-04-08 02:49:00
e0282931-35f0-42c3-af11-01cb5063106e,2,2025-04-22,dinner,Brown Rice,Leaky Beaker,Loved it!,216,5.0,45,1.8,2025-04-22 16:17:00
51205fe0-66b2-44b2-b246-0d4b187c3871,1,2025-04-21,breakfast,Apple,Stone-Davis,Loved it!,95,0.5,25,0.3,2025-04-21 13:13:00
c19b5610-399e-4ed1-a8a1-0d726995bd17,3,2025-04-27,breakfast,Spaghetti Marinara,Lulu,Too salty,310,10.0,50,7.0,2025-04-27 03:26:00
ab63bc50-e095-4607-9c2b-40a8c630c3dc,2,2025-04-04,dinner,Apple,Stone-Davis,Gluten-free option,95,0.5,25,0.3,2025-04-04 12:25:00
8ad65d78-974d-42f0-8809-6d9031c3bedc,1,2025-04-12,snack,Brown Rice,Lulu,,216,5.0,45,1.8,2025-04-12 01:26:00
a71751ce-5fb1-4d3c-acb6-d78344a8cf26,1,2025-04-06,breakfast,Veggie Burger,Bates,Too salty,124,11.0,10,5.0,2025-04-06 13:08:00
87c7c823-77df-4fcd-917e-d0b00d5c7774,3,2025-04-19,lunch,Veggie Burger,Lulu,Extra spicy,124,11.0,10,5.0,2025-04-19 22:54:00
422bfecd-4c90-4b6e-b957-744644d5de88,1,2025-04-14,breakfast,Greek Yogurt,Tower,Loved it!,100,17.0,6,0.7,2025-04-14 12:01:00
ec17a9ed-a894-4b1d-8b87-c02bf8a75ca8,1,2025-04-02,breakfast,Greek Yogurt,Leaky Beaker,Loved it!,100,17.0,6,0.7,2025-04-02 08:29:00
43ab67a2-8c6a-4d9c-a46d-45ca8feb1886,2,2025-04-30,snack,Apple,Leaky Beaker,Extra spicy,95,0.5,25,0.3,2025-04-30 20:32:00
6dc46e86-22b6-4ccb-a446-974b5ae35a5c,1,2025-04-28,dinner,Steamed Broccoli,Stone-Davis,No dressing,55,3.7,11,0.6,2025-04-28 15:40:00
3ce58a40-5c33-4b3c-b095-64cd9aa27503,3,2025-04-25,breakfast,Quinoa Salad,Bates,Gluten-free option,222,8.0,39,6.0,2025-04-25 19:58:00
f7fef00b-03a5-4f0b-bbc6-80f430d19816,1,2025-04-20,dinner,Brown Rice,Leaky Beaker,No dressing,216,5.0,45,1.8,2025-04-20 12:07:00
5b6a802f-d676-4d28-b0d9-bf0bbf8392e0,1,2025-04-19,breakfast,Quinoa Salad,Tower,Extra spicy,222,8.0,39,6.0,2025-04-19 12:11:00
19a2c9e9-286c-47e5-88ea-a3221f943250,1,2025-04-26,dinner,Veggie Burger,Tower,Loved it!,124,11.0,10,5.0,2025-04-26 03:47:00
2704d768-b9e1-4485-b3ab-93d1d00ff15b,3,2025-04-04,breakfast,Veggie Burger,Leaky Beaker,Gluten-free option,124,11.0,10,5.0,2025-04-04 07:14:00
22d4673b-10b2-424b-915a-eda8c659eb69,1,2025-04-16,lunch,Greek Yogurt,Bates,Extra spicy,100,17.0,6,0.7,2025-04-16 09:19:00
6b5d1266-6b6b-4a83-a05b-97eac8888dc8,2,2025-04-03,breakfast,Veggie Burger,Bates,No dressing,124,11.0,10,5.0,2025-04-03 11:46:00
6679603d-b0e3-48b3-b1a9-51cd904c03de,1,2025-04-24,snack,Veggie Burger,Bates,Extra spicy,124,11.0,10,5.0,2025-04-24 18:45:00
46353985-87e4-430b-8232-7e1d7bc6eb83,3,2025-04-03,lunch,Veggie Burger,Bates,No dressing,124,11.0,10,5.0,2025-04-03 13:25:00
5a62f7f5-4ef4-4646-be0c-2396e13073f5,2,2025-04-05,dinner,Greek Yogurt,Bates,Gluten-free option,100,17.0,6,0.7,2025-04-05 21:35:00
8f855ff0-50c2-498f-a38f-109c99f4bdff,1,2025-04-03,breakfast,Grilled Chicken Breast,Lulu,,165,31.0,0,3.6,2025-04-03 06:03:00
de046b29-4abc-45d6-8ae6-e52693ffdadf,2,2025-04-22,lunch,Veggie Burger,Bates,Extra spicy,124,11.0,10,5.0,2025-04-22 04:46:00
93dc9971-9ba8-4c2e-a39f-0c26a8042526,3,2025-04-02,dinner,Greek Yogurt,Bates,Loved it!,100,17.0,6,0.7,2025-04-02 00:15:00
1334dcda-a9a7-49f0-a8ad-5527bd1f9649,1,2025-04-15,lunch,Quinoa Salad,Stone-Davis,Extra spicy,222,8.0,39,6.0,2025-04-15 17:02:00
b4ae2b88-7958-48ff-9387-d001437228dc,2,2025-04-23,lunch,Apple,Leaky Beaker,,95,0.5,25,0.3,2025-04-23 21:41:00
e61b62c0-4660-42b1-9ea8-e55f8067fe89,2,2025-04-04,breakfast,Steamed Broccoli,Tower,,55,3.7,11,0.6,2025-04-04 00:42:00
f85951c2-89b0-4a66-83e1-eff965cd7a14,2,2025-04-02,snack,Grilled Chicken Breast,Lulu,,165,31.0,0,3.6,2025-04-02 03:31:00
025e271a-8df5-4145-84fc-fe178ddc1c57,3,2025-04-19,snack,Veggie Burger,Leaky Beaker,No dressing,124,11.0,10,5.0,2025-04-19 09:35:00
637d7549-dd25-4ee0-acd2-6b383d38a136,2,2025-04-23,lunch,Veggie Burger,Leaky Beaker,,124,11.0,10,5.0,2025-04-23 19:28:00
c7f43769-6c45-48b6-90cd-2a411e7a7df2,2,2025-04-25,lunch,Spaghetti Marinara,Tower,Extra spicy,310,10.0,50,7.0,2025-04-25 04:49:00
fa4b345e-24db-4987-80fb-399bd55ec929,3,2025-04-16,snack,Grilled Chicken Breast,Bates,Loved it!,165,31.0,0,3.6,2025-04-16 17:08:00
39d0fa22-b8b3-438d-b925-28618e16ab65,2,2025-04-02,breakfast,Greek Yogurt,Leaky Beaker,Gluten-free option,100,17.0,6,0.7,2025-04-02 09:48:00
55fc4aad-fddc-436c-84a9-64ccad684fb4,3,2025-04-09,lunch,Veggie Burger,Stone-Davis,Gluten-free option,124,11.0,10,5.0,2025-04-09 23:12:00
cf4800fe-4f25-4fb3-8a75-99e8e1fbf1d3,1,2025-04-29,snack,Apple,Stone-Davis,Loved it!,95,0.5,25,0.3,2025-04-29 01:36:00
3720a842-440b-4644-8c4d-f3fba5f49b70,2,2025-04-25,breakfast,Quinoa Salad,Tower,Too salty,222,8.0,39,6.0,2025-04-25 18:46:00
e24675ea-bbb5-405c-a7ca-3b5178ba3498,2,2025-04-29,snack,Quinoa Salad,Stone-Davis,No dressing,222,8.0,39,6.0,2025-04-29 22:08:00
42c219d3-0780-4914-b43d-6cca8e8d95c6,2,2025-04-05,lunch,Brown Rice,Lulu,,216,5.0,45,1.8,2025-04-05 15:34:00
f9fd654a-6155-4fb5-8bb6-618e903c6ec7,1,2025-04-23,dinner,Veggie Burger,Bates,No dressing,124,11.0,10,5.0,2025-04-23 18:35:00
3d03a8af-6b31-4e08-a2d8-1547367a0b15,3,2025-04-03,snack,Apple,Lulu,Too salty,95,0.5,25,0.3,2025-04-03 15:03:00
59ee8f46-e002-4238-95d0-be0a4c3a1d40,2,2025-04-24,snack,Apple,Leaky Beaker,No dressing,95,0.5,25,0.3,2025-04-24 05:25:00
6ea831f1-cc50-47f6-9a27-74879cc293a8,1,2025-04-18,breakfast,Brown Rice,Leaky Beaker,Gluten-free option,216,5.0,45,1.8,2025-04-18 20:42:00
b4801f45-f991-4747-88b4-ede26d3b67dd,3,2025-04-07,dinner,Apple,Stone-Davis,Extra spicy,95,0.5,25,0.3,2025-04-07 22:21:00
d9835f2c-f706-4fbe-849f-476e88b41824,1,2025-04-16,snack,Greek Yogurt,Lulu,Gluten-free option,100,17.0,6,0.7,2025-04-16 03:06:00
559722c0-48a2-460f-a465-c2925bcbf6b5,1,2025-04-01,snack,Grilled Chicken Breast,Lulu,No dressing,165,31.0,0,3.6,2025-04-01 01:05:00
00a8c124-db35-4f94-b1d0-f38791c7c64d,2,2025-04-13,breakfast,Steamed Broccoli,Stone-Davis,Gluten-free option,55,3.7,11,0.6,2025-04-13 05:02:00
0499dd22-0ab0-43bb-b192-ce27de4631a2,1,2025-04-16,breakfast,Steamed Broccoli,Stone-Davis,Loved it!,55,3.7,11,0.6,2025-04-16 01:02:00
c2afd716-018e-47d2-ab35-6ddd0a159f3e,2,2025-04-09,dinner,Grilled Chicken Breast,Leaky Beaker,Loved it!,165,31.0,0,3.6,2025-04-09 01:08:00
d640b087-9781-4dcb-b259-510401614811,1,2025-04-24,dinner,Steamed Broccoli,Stone-Davis,No dressing,55,3.7,11,0.6,2025-04-24 16:40:00
d555c81b-e50a-4cbd-b2df-e64cce3bda01,1,2025-04-24,dinner,Quinoa Salad,Tower,Gluten-free option,222,8.0,39,6.0,2025-04-24 17:03:00
ef756e0c-6c95-44a8-999f-d71ae0ec9e0c,1,2025-04-20,lunch,Apple,Tower,Extra spicy,95,0.5,25,0.3,2025-04-20 14:45:00
e402e90c-3c8f-46e5-becd-00a296acf3c4,1,2025-04-21,breakfast,Brown Rice,Leaky Beaker,Loved it!,216,5.0,45,1.8,2025-04-21 11:22:00
210f04b9-fb94-46e3-83ae-76dd303393f8,3,2025-04-20,breakfast,Apple,Tower,Too salty,95,0.5,25,0.3,2025-04-20 02:31:00
8c418cca-1d57-4f9e-b5d3-7d119ac62159,1,2025-04-29,breakfast,Spaghetti Marinara,Bates,Extra spicy,310,10.0,50,7.0,2025-04-29 01:52:00
ed0fa06c-da27-43a3-9f67-520fee7f183e,2,2025-04-16,lunch,Veggie Burger,Tower,No dressing,124,11.0,10,5.0,2025-04-16 05:17:00
a111cea7-68a1-49b7-afea-9686efbe04e0,2,2025-04-24,snack,Greek Yogurt,Bates,Gluten-free option,100,17.0,6,0.7,2025-04-24 05:39:00
e3158fa3-e30f-4f88-bb0e-e7c22bd94fa2,3,2025-04-03,dinner,Apple,Tower,Loved it!,95,0.5,25,0.3,2025-04-03 23:04:00
8900bcbb-8ccb-435e-b4fd-8498c0d9fd14,1,2025-04-02,dinner,Veggie Burger,Leaky Beaker,Extra spicy,124,11.0,10,5.0,2025-04-02 21:31:00
00c3d265-98a6-4b16-83ca-d3274481c3e0,3,2025-04-25,lunch,Brown Rice,Tower,Extra spicy,216,5.0,45,1.8,2025-04-25 19:06:00
06678264-a9fc-40c3-ad9e-1fa61962cfb4,2,2025-04-27,dinner,Veggie Burger,Bates,Extra spicy,124,11.0,10,5.0,2025-04-27 06:40:00
b2c44c7d-2ad2-464a-84a3-ae767d7dcce8,1,2025-04-12,lunch,Steamed Broccoli,Leaky Beaker,,55,3.7,11,0.6,2025-04-12 23:20:00
8dfd18fb-f5b8-4d91-ba3f-cd6ea8b01857,3,2025-04-19,dinner,Steamed Broccoli,Lulu,Too salty,55,3.7,11,0.6,2025-04-19 19:18:00
a0a70928-523c-4bd6-b9a9-207d3e4e62d8,1,2025-04-06,lunch,Apple,Leaky Beaker,Too salty,95,0.5,25,0.3,2025-04-06 21:11:00
640e09b3-d5ab-4c12-89e9-f8a3dfb15b2e,1,2025-04-21,breakfast,Apple,Tower,Extra spicy,95,0.5,25,0.3,2025-04-21 20:48:00
735e9698-e85b-491d-ac2b-2048f5b0b2fe,1,2025-04-04,breakfast,Spaghetti Marinara,Tower,No dressing,310,10.0,50,7.0,2025-04-04 10:44:00
bd1872c1-bcc8-4e6f-888b-d4607b7a4a1f,3,2025-04-07,dinner,Brown Rice,Bates,Extra spicy,216,5.0,45,1.8,2025-04-07 15:06:00
118caa47-d0d0-403a-a4dc-af089b9f1e79,1,2025-04-18,breakfast,Apple,Stone-Davis,Gluten-free option,95,0.5,25,0.3,2025-04-18 19:21:00
f97ca224-e343-4a0c-83a3-ad82bb2d7cf4,1,2025-04-17,lunch,Apple,Leaky Beaker,No dressing,95,0.5,25,0.3,2025-04-17 02:17:00
e09b4fa1-2e7e-431a-85c1-5771027712cd,3,2025-04-19,breakfast,Quinoa Salad,Bates,,222,8.0,39,6.0,2025-04-19 15:53:00
3b78bc35-55b2-4b58-82ed-e14ae81f4941,1,2025-04-06,snack,Grilled Chicken Breast,Bates,Gluten-free option,165,31.0,0,3.6,2025-04-06 04:37:00
97333672-d413-4eb9-897a-1bac30285c11,1,2025-04-17,breakfast,Apple,Tower,Gluten-free option,95,0.5,25,0.3,2025-04-17 04:29:00
4a52ce03-c39d-41be-8772-dec774a4ef1d,2,2025-04-24,snack,Apple,Lulu,Extra spicy,95,0.5,25,0.3,2025-04-24 13:38:00
42c6cc9e-b239-4934-96dd-4f613620e601,1,2025-04-20,snack,Brown Rice,Stone-Davis,Extra spicy,216,5.0,45,1.8,2025-04-20 06:56:00
bf37ede6-a71b-41af-a255-74b5c3364b1d,3,2025-04-03,lunch,Quinoa Salad,Tower,Loved it!,222,8.0,39,6.0,2025-04-03 15:16:00
1f5426c9-dd1d-406b-9912-639defd57b13,1,2025-04-09,breakfast,Brown Rice,Stone-Davis,Too salty,216,5.0,45,1.8,2025-04-09 06:52:00
467ee439-db18-43ba-bfec-094980e5197f,3,2025-04-22,snack,Veggie Burger,Tower,Loved it!,124,11.0,10,5.0,2025-04-22 09:15:00
b001780c-7c20-47e1-8deb-c5b285b2c0aa,3,2025-04-23,lunch,Steamed Broccoli,Lulu,No dressing,55,3.7,11,0.6,2025-04-23 01:34:00
186c20a1-d7a6-4bf1-9a18-23618380f946,2,2025-04-16,lunch,Brown Rice,Lulu,Too salty,216,5.0,45,1.8,2025-04-16 13:47:00
053fbfef-9801-45cc-9c0e-23a0ab04f0eb,1,2025-04-20,lunch,Veggie Burger,Tower,Loved it!,124,11.0,10,5.0,2025-04-20 12:45:00
39603f4f-0c86-4142-a4c9-a2d7e08de22b,1,2025-04-18,dinner,Steamed Broccoli,Stone-Davis,Loved it!,55,3.7,11,0.6,2025-04-18 15:07:00
a990b863-bbca-4b15-a7d3-50f45810e000,2,2025-04-13,dinner,Apple,Stone-Davis,Extra spicy,95,0.5,25,0.3,2025-04-13 19:21:00
cd6271a6-19d6-4c0d-a516-639adf9b059f,1,2025-04-26,lunch,Greek Yogurt,Tower,Gluten-free option,100,17.0,6,0.7,2025-04-26 10:35:00
ed4046af-35cd-47f8-95cf-483982cfb55b,2,2025-04-24,dinner,Quinoa Salad,Stone-Davis,No dressing,222,8.0,39,6.0,2025-04-24 07:18:00
779f9591-1dab-4a30-ad33-09f078eb410b,2,2025-04-12,lunch,Quinoa Salad,Bates,Loved it!,222,8.0,39,6.0,2025-04-12 14:15:00
b4fb3a67-454e-42a8-aa96-2c696df5f38a,2,2025-04-30,breakfast,Apple,Leaky Beaker,Too salty,95,0.5,25,0.3,2025-04-30 18:58:00
1352f87e-4836-4681-8a48-a257e90c41ed,1,2025-04-13,snack,Grilled Chicken Breast,Tower,Extra spicy,165,31.0,0,3.6,2025-04-13 00:28:00
703417d0-fca6-4699-9610-aef06d0bc9c3,1,2025-04-01,breakfast,Grilled Chicken Breast,Tower,Extra spicy,165,31.0,0,3.6,2025-04-01 18:19:00
5d456353-d660-4a33-ae70-918a5d43ae67,3,2025-04-20,lunch,Spaghetti Marinara,Leaky Beaker,,310,10.0,50,7.0,2025-04-20 04:12:00
60f88994-5eb8-48f7-80f6-8861368dda27,2,2025-04-16,snack,Spaghetti Marinara,Stone-Davis,No dressing,310,10.0,50,7.0,2025-04-16 20:24:00
62886e74-49c1-4e2a-b2f4-3649a14dd0e3,3,2025-04-11,breakfast,Grilled Chicken Breast,Tower,,165,31.0,0,3.6,2025-04-11 03:56:00
d70fc94d-b1b0-4dbf-9b76-fbba6e03ed62,1,2025-04-17,lunch,Quinoa Salad,Leaky Beaker,Too salty,222,8.0,39,6.0,2025-04-17 08:53:00
ca771b64-5bae-4708-85b2-a3df7375094e,2,2025-04-09,breakfast,Veggie Burger,Stone-Davis,Gluten-free option,124,11.0,10,5.0,2025-04-09 14:04:00
2d609ae1-274e-4c8c-b9b8-51a9d2747cdf,1,2025-04-28,dinner,Greek Yogurt,Lulu,Gluten-free option,100,17.0,6,0.7,2025-04-28 11:41:00
25c85212-c03f-4985-84be-708983a9903d,2,2025-04-18,snack,Spaghetti Marinara,Lulu,Extra spicy,310,10.0,50,7.0,2025-04-18 20:02:00
c3355664-cc44-4582-88a6-d501130859cd,2,2025-04-24,snack,Quinoa Salad,Bates,,222,8.0,39,6.0,2025-04-24 08:52:00

